regularization ,cost_type ,marginals ,steps ,time              ,errors
          10.0 ,Coulomb   ,        3 ,  201 ,5.625519037246704 ,"[3.1526218435828923e-07, 4.577043171138939e-07, 3.1063746064319275e-07]"
          10.0 ,Quadratic ,        3 ,  201 ,5.443905591964722 ,"[2.2639062535745325e-07, 3.649316226983501e-07, 3.673015385174949e-07]"
           1.0 ,Coulomb   ,        3 ,  201 ,5.124392509460449 ,"[3.388552158867242e-07, 2.9396181844276725e-07, 2.622752504066739e-07]"
           1.0 ,Quadratic ,        3 ,  201 ,5.095675945281982 ,"[3.2845142072801536e-07, 3.1984777137950005e-07, 4.155442070441495e-07]"
           0.5 ,Coulomb   ,        3 ,  201 ,5.136575698852539 ,"[3.2198613553191535e-07, 3.2354284940083744e-07, 2.7775067223956285e-07]"
           0.5 ,Quadratic ,        3 ,  201 ,5.118116140365601 ,"[2.8838732646363496e-07, 2.501735423265927e-07, 2.793372573250963e-07]"
