regularization,cost_type,marginals,steps,time,errors
10.0,Coulomb,4,51,7.299269676208496,"[9193.8837890625, 9193.8837890625]"
10.0,Quadratic,4,51,0.49951863288879395,"[4568.009765625, 4568.00927734375]"
1.0,Coulomb,4,51,0.5002472400665283,"[6146.0048828125, 6146.0048828125]"
1.0,Quadratic,4,51,0.4831559658050537,"[1655.8861083984375, 1655.88623046875]"
0.5,Coulomb,4,51,0.5166425704956055,"[4470.02294921875, 4470.0234375]"
0.5,Quadratic,4,51,0.48072361946105957,"[1190.943115234375, 1190.9429931640625]"
